{
  "hash": "1e35edc8",
  "configHash": "16daa8c6",
  "lockfileHash": "db2c9a06",
  "browserHash": "b84f60d1",
  "optimized": {
    "@angular/common": {
      "src": "../../../../../../node_modules/@angular/common/fesm2022/common.mjs",
      "file": "@angular_common.js",
      "fileHash": "61ec5aba",
      "needsInterop": false
    },
    "@angular/core": {
      "src": "../../../../../../node_modules/@angular/core/fesm2022/core.mjs",
      "file": "@angular_core.js",
      "fileHash": "c555c175",
      "needsInterop": false
    },
    "@angular/platform-browser": {
      "src": "../../../../../../node_modules/@angular/platform-browser/fesm2022/platform-browser.mjs",
      "file": "@angular_platform-browser.js",
      "fileHash": "8b68b8f3",
      "needsInterop": false
    },
    "@angular/router": {
      "src": "../../../../../../node_modules/@angular/router/fesm2022/router.mjs",
      "file": "@angular_router.js",
      "fileHash": "4600bcad",
      "needsInterop": false
    }
  },
  "chunks": {
    "chunk-N66GPOAE": {
      "file": "chunk-N66GPOAE.js"
    },
    "chunk-5FHY7Z5A": {
      "file": "chunk-5FHY7Z5A.js"
    },
    "chunk-WGQFXCG2": {
      "file": "chunk-WGQFXCG2.js"
    }
  }
}